{
  "cracks": {
    "segment crack": {
      "mIoU": 0.4688075839264705,
      "std_IoU": 0.18516834549094874,
      "mDice": 0.6151637157160657,
      "std_Dice": 0.18592675977200113,
      "n_samples": 201
    },
    "segment wall crack": {
      "mIoU": 0.4659504255023565,
      "std_IoU": 0.18570059070364173,
      "mDice": 0.6124702093691988,
      "std_Dice": 0.18516957746610538,
      "n_samples": 201
    }
  },
  "drywall": {
    "segment taping area": {
      "mIoU": 0.0884180884776076,
      "std_IoU": 0.12128647639513793,
      "mDice": 0.1429509978498092,
      "std_Dice": 0.176310464905922,
      "n_samples": 202
    },
    "segment joint/tape": {
      "mIoU": 0.14109323481683292,
      "std_IoU": 0.11240226343082624,
      "mDice": 0.23191141766908163,
      "std_Dice": 0.15756691196515066,
      "n_samples": 202
    },
    "segment drywall seam": {
      "mIoU": 0.18912577883325127,
      "std_IoU": 0.12429754451862556,
      "mDice": 0.3006749794576162,
      "std_Dice": 0.1680446423025056,
      "n_samples": 202
    }
  }
}